,bank_id,reg_id,confidence,match_method,date_lag_days,issue_flags,match_notes,date_bank,description_bank,amount_bank,type_bank,balance,date_reg,description_reg,amount_reg,type_reg,category,transaction_id_bank,transaction_id_reg,notes
0,B0255,R0255,1.0,Unique Amount,0.0,OK,Unique Amount Match,2023-11-19,NETFLIX,12.71,DEBIT,-30365.4,2023-11-19,Monthly subscription,12.71,DR,Subscription,B0255,R0255,
1,B0168,R0168,1.0,Unique Amount,1.0,OK,Unique Amount Match,2023-11-08,SERVICE CHARGE,12.78,DEBIT,-32513.44,2023-11-07,Bank fee,12.78,DR,Bank Fee,B0168,R0168,
2,B0178,R0178,1.0,Unique Amount,1.0,OK,Unique Amount Match,2023-02-12,NETFLIX,13.15,DEBIT,8030.28,2023-02-11,GYM,13.15,DR,Subscription,B0178,R0178,
3,B0190,R0190,1.0,Unique Amount,0.0,OK,Unique Amount Match,2023-10-22,SPOTIFY,15.0,DEBIT,-27154.26,2023-10-22,Monthly subscription,15.0,DR,Subscription,B0190,R0190,
4,B0018,R0018,1.0,Unique Amount,0.0,OK,Unique Amount Match,2023-02-05,NETFLIX,15.13,DEBIT,6083.03,2023-02-05,Gym,15.13,DR,Subscription,B0018,R0018,
5,B0226,R0226,1.0,Unique Amount,0.0,OK,Unique Amount Match,2023-10-21,MONTHLY FEE,16.54,DEBIT,-27139.26,2023-10-21,Bank fee,16.54,DR,Bank Fee,B0226,R0226,
6,B0270,R0270,1.0,Unique Amount,4.0,OK,Unique Amount Match,2023-06-16,AMAZON.COM,18.52,DEBIT,-5848.92,2023-06-12,Online purchase,18.52,DR,Online Purchase,B0270,R0270,
7,B0223,R0223,1.0,Unique Amount,2.0,OK,Unique Amount Match,2023-05-12,EBAY PURCHASE,19.01,DEBIT,-5085.23,2023-05-10,Online purchase,19.01,DR,Online Purchase,B0223,R0223,
8,B0124,R0124,1.0,Unique Amount,2.0,OK,Unique Amount Match,2023-01-14,AMAZON.COM,19.24,DEBIT,4061.17,2023-01-12,Online purchase,19.24,DR,Online Purchase,B0124,R0124,
9,B0199,R0199,1.0,Unique Amount,1.0,OK,Unique Amount Match,2023-11-12,NETFLIX,19.92,DEBIT,-32720.63,2023-11-11,Gym,19.92,DR,Subscription,B0199,R0199,
10,B0220,R0220,1.0,Unique Amount,0.0,OK,Unique Amount Match,2023-01-20,MONTHLY FEE,20.45,DEBIT,3273.56,2023-01-20,Monthly charge,20.45,DR,Bank Fee,B0220,R0220,
11,B0253,R0253,1.0,Unique Amount,1.0,OK,Unique Amount Match,2023-11-25,SERVICE CHARGE,21.52,DEBIT,-30637.61,2023-11-24,Bank fee,21.52,DR,Bank Fee,B0253,R0253,
12,B0237,R0237,1.0,Unique Amount,1.0,OK,Unique Amount Match,2023-10-06,MONTHLY FEE,23.3,DEBIT,-24131.23,2023-10-05,Monthly charge,23.3,DR,Bank Fee,B0237,R0237,
13,B0274,R0274,1.0,Unique Amount,1.0,OK,Unique Amount Match,2023-06-18,NETFLIX,23.38,DEBIT,-5872.3,2023-06-17,Gym,23.38,DR,Subscription,B0274,R0274,
14,B0042,R0042,1.0,Unique Amount,1.0,OK,Unique Amount Match,2023-02-05,GYM MEMBERSHIP,24.04,DEBIT,6058.99,2023-02-04,Music subscription,24.04,DR,Subscription,B0042,R0042,
15,B0083,R0083,1.0,Unique Amount,0.0,OK,Unique Amount Match,2023-02-20,MONTHLY FEE,25.64,DEBIT,7535.73,2023-02-20,Bank fee,25.64,DR,Bank Fee,B0083,R0083,
16,B0143,R0143,1.0,Unique Amount,0.0,OK,Unique Amount Match,2023-07-01,SUBSCRIPTION #8526,25.87,DEBIT,-9675.56,2023-07-01,Music subscription,25.87,DR,Subscription,B0143,R0143,
17,B0088,R0088,1.0,Unique Amount,1.0,OK,Unique Amount Match,2023-11-06,RESTAURANT #1391,27.46,DEBIT,-32445.96,2023-11-05,Restaurant,27.46,DR,Restaurant,B0088,R0088,
18,B0262,R0262,1.0,Unique Amount,3.0,OK,Unique Amount Match,2023-09-01,EBAY PURCHASE,28.27,DEBIT,-20910.56,2023-08-29,Online purchase,28.27,DR,Online Purchase,B0262,R0262,
19,B0235,R0235,1.0,Unique Amount,1.0,OK,Unique Amount Match,2023-07-13,CAFE #6592,32.62,DEBIT,-10711.34,2023-07-12,Restaurant,32.62,DR,Restaurant,B0235,R0235,
20,B0250,R0250,1.0,Unique Amount,1.0,OK,Unique Amount Match,2023-08-29,SERVICE CHARGE,32.86,DEBIT,-23158.2,2023-08-28,Bank fee,32.86,DR,Bank Fee,B0250,R0250,
21,B0133,R0133,1.0,Unique Amount,0.0,OK,Unique Amount Match,2023-03-08,GYM MEMBERSHIP,33.45,DEBIT,1768.26,2023-03-08,Music subscription,33.45,DR,Subscription,B0133,R0133,
22,B0111,R0111,1.0,Unique Amount,0.0,OK,Unique Amount Match,2023-05-27,NETFLIX,34.27,DEBIT,-762.75,2023-05-27,Gym,34.27,DR,Subscription,B0111,R0111,
23,B0005,R0005,1.0,Unique Amount,0.0,OK,Unique Amount Match,2023-08-24,MAINT FEE,34.33,DEBIT,-21743.31,2023-08-24,Monthly charge,34.33,DR,Bank Fee,B0005,R0005,
24,B0077,R0077,1.0,Unique Amount,1.0,OK,Unique Amount Match,2023-10-29,SERVICE CHARGE,34.51,DEBIT,-31084.6,2023-10-28,Bank fee,34.51,DR,Bank Fee,B0077,R0077,
25,B0230,R0230,1.0,Unique Amount,2.0,OK,Unique Amount Match,2023-02-09,CAFE #2648,35.66,DEBIT,8043.43,2023-02-07,Lunch,35.66,DR,Restaurant,B0230,R0230,
26,B0002,R0002,1.0,Unique Amount,1.0,OK,Unique Amount Match,2023-02-14,CHEVRON #1860,36.27,DEBIT,7907.63,2023-02-13,Gas,36.27,DR,Gas Station,B0002,R0002,
27,B0023,R0023,1.0,Unique Amount,0.0,OK,Unique Amount Match,2023-01-28,SHELL #3558,37.42,DEBIT,6300.93,2023-01-28,Fuel,37.42,DR,Gas Station,B0023,R0023,
28,B0108,R0108,1.0,Unique Amount,0.0,OK,Unique Amount Match,2023-05-28,BP GAS #7938,37.95,DEBIT,-1794.53,2023-05-28,Fill up,37.95,DR,Gas Station,B0108,R0108,
29,B0039,R0039,1.0,Unique Amount,2.0,OK,Unique Amount Match,2023-11-14,CAFE #9792,39.68,DEBIT,-30352.69,2023-11-12,lunch,39.68,DR,Restaurant,B0039,R0039,
30,B0145,R0145,1.0,Unique Amount,3.0,OK,Unique Amount Match,2023-08-24,AMAZON.COM,40.12,DEBIT,-21979.33,2023-08-21,Online shopping,40.12,DR,Online Purchase,B0145,R0145,
31,B0113,R0113,1.0,Unique Amount,2.0,OK,Unique Amount Match,2023-07-06,ONLINE ORDER #8721,40.69,DEBIT,-10215.19,2023-07-04,Online shopping,40.69,DR,Online Purchase,B0113,R0113,
32,B0209,R0209,1.0,Unique Amount,0.0,OK,Unique Amount Match,2023-07-14,SPOTIFY,42.86,DEBIT,-10754.2,2023-07-14,Streaming service,42.86,DR,Subscription,B0209,R0209,
33,B0066,R0066,1.0,Unique Amount,2.0,OK,Unique Amount Match,2023-07-23,CAFE #8892,43.84,DEBIT,-11390.79,2023-07-21,Dinner out,43.84,DR,Restaurant,B0066,R0066,
34,B0300,R0300,1.0,Unique Amount,1.0,OK,Unique Amount Match,2023-10-29,SUBSCRIPTION #8455,44.43,DEBIT,-31129.03,2023-10-28,Streaming service,44.43,DR,Subscription,B0300,R0300,
35,B0231,R0231,1.0,Unique Amount,2.0,OK,Unique Amount Match,2023-03-01,RESTAURANT #6539,44.51,DEBIT,2497.43,2023-02-27,Eating out,44.51,DR,Restaurant,B0231,R0231,
36,B0010,R0010,1.0,Unique Amount,0.0,OK,Unique Amount Match,2023-05-18,DINER #9322,45.04,DEBIT,-5425.08,2023-05-18,Lunch,45.04,DR,Restaurant,B0010,R0010,
37,B0072,R0072,1.0,Unique Amount,1.0,OK,Unique Amount Match,2023-04-04,DINER #5859,45.15,DEBIT,612.81,2023-04-03,Restaurant,45.15,DR,Restaurant,B0072,R0072,
38,B0061,R0061,1.0,Unique Amount,0.0,OK,Unique Amount Match,2023-04-04,EXXON #1995,45.41,DEBIT,657.96,2023-04-04,Gas station,45.41,DR,Gas Station,B0061,R0061,
39,B0047,R0047,1.0,Unique Amount,1.0,OK,Unique Amount Match,2023-01-01,BP GAS #1775,46.48,DEBIT,4953.52,2022-12-31,Fill up,46.48,DR,Gas Station,B0047,R0047,
40,B0141,R0141,1.0,Unique Amount,0.0,OK,Unique Amount Match,2023-07-22,SAFEWAY #7776,46.58,DEBIT,-11346.95,2023-07-22,Food shopping,46.58,DR,Grocery,B0141,R0141,
41,B0169,R0169,1.0,Unique Amount,1.0,OK,Unique Amount Match,2023-08-23,online order #8392,46.59,DEBIT,-20564.5,2023-08-22,Online purchase,46.59,DR,Online Purchase,B0169,R0169,
42,B0103,R0103,1.0,Unique Amount,1.0,OK,Unique Amount Match,2023-10-01,SUBSCRIPTION #4840,48.16,DEBIT,-21665.46,2023-09-30,Music subscription,48.16,DR,Subscription,B0103,R0103,
43,B0100,R0100,1.0,Unique Amount,1.0,OK,Unique Amount Match,2023-07-15,NETFLIX,49.53,DEBIT,-10871.47,2023-07-14,Monthly subscription,49.53,DR,Subscription,B0100,R0100,
44,B0092,R0092,1.0,Unique Amount,1.0,OK,Unique Amount Match,2023-01-01,BP GAS #4099,51.53,DEBIT,4901.99,2022-12-31,Fill up,51.53,DR,Gas Station,B0092,R0092,
45,B0156,R0156,1.0,Unique Amount,4.0,OK,Unique Amount Match,2023-12-24,AMAZON.COM,51.75,DEBIT,-26702.57,2023-12-20,Online shopping,51.75,DR,Online Purchase,B0156,R0156,
46,B0080,R0080,1.0,Unique Amount,1.0,OK,Unique Amount Match,2023-05-10,ATM 9006 CASH,51.94,DEBIT,-4798.61,2023-05-09,Cash withdrawal,51.94,DR,Atm Withdrawal,B0080,R0080,
47,B0014,R0014,1.0,Unique Amount,2.0,OK,Unique Amount Match,2023-12-15,ATM 3433 CASH,52.07,DEBIT,-25807.43,2023-12-13,Withdrew cash,52.07,DR,Atm Withdrawal,B0014,R0014,
48,B0070,R0070,1.0,Unique Amount,1.0,OK,Unique Amount Match,2023-09-05,BP GAS #1878,52.42,DEBIT,-22104.1,2023-09-04,Gas station,52.42,DR,Gas Station,B0070,R0070,
49,B0043,R0043,1.0,Unique Amount,2.0,OK,Unique Amount Match,2023-10-25,TRADER JOES,52.84,DEBIT,-28677.76,2023-10-23,Grocery store,52.84,DR,Grocery,B0043,R0043,
50,B0197,R0197,1.0,Unique Amount,0.0,OK,Unique Amount Match,2023-11-07,DINER #2986,54.7,DEBIT,-32500.66,2023-11-07,Eating out,54.7,DR,Restaurant,B0197,R0197,
51,B0201,R0201,1.0,Unique Amount,2.0,OK,Unique Amount Match,2023-04-21,KROGER #2843,54.97,DEBIT,-1682.38,2023-04-19,Grocery store,54.97,DR,Grocery,B0201,R0201,
52,B0098,R0098,1.0,Unique Amount,1.0,OK,Unique Amount Match,2023-06-26,EXXON #9996,57.08,DEBIT,-8167.67,2023-06-25,Gas station,57.08,DR,Gas Station,B0098,R0098,
53,B0177,R0177,1.0,Unique Amount,1.0,OK,Unique Amount Match,2023-08-14,BISTRO #4510,57.21,DEBIT,-16934.87,2023-08-13,Restaurant,57.21,DR,Restaurant,B0177,R0177,
54,B0146,R0146,1.0,Unique Amount,2.0,OK,Unique Amount Match,2023-06-08,CAFE #6530,57.25,DEBIT,-5103.11,2023-06-06,DINNER OUT,57.25,DR,Restaurant,B0146,R0146,
55,B0138,R0138,1.0,Unique Amount,1.0,OK,Unique Amount Match,2023-08-03,DINER #6592,57.39,DEBIT,-13740.38,2023-08-02,Dinner out,57.39,DR,Restaurant,B0138,R0138,
56,B0037,R0037,1.0,Unique Amount,1.0,OK,Unique Amount Match,2023-01-19,CHEVRON #9838,58.3,DEBIT,3294.01,2023-01-18,Gas,58.3,DR,Gas Station,B0037,R0037,
57,B0173,R0173,1.0,Unique Amount,0.0,OK,Unique Amount Match,2023-03-10,CAFE #2707,58.47,DEBIT,4468.76,2023-03-10,Eating out,58.47,DR,Restaurant,B0173,R0173,
58,B0016,R0016,1.0,Unique Amount,2.0,OK,Unique Amount Match,2023-09-17,ONLINE ORDER #6051,58.56,DEBIT,-24750.1,2023-09-15,Online purchase,58.56,DR,Online Purchase,B0016,R0016,
59,B0266,R0266,1.0,Unique Amount,0.0,OK,Unique Amount Match,2023-09-09,BISTRO #6600,58.8,DEBIT,-24095.0,2023-09-09,Lunch,58.8,DR,Restaurant,B0266,R0266,
60,B0122,R0122,1.0,Unique Amount,1.0,OK,Unique Amount Match,2023-03-06,SAFEWAY #7019,59.07,DEBIT,2438.36,2023-03-05,Food shopping,59.07,DR,Grocery,B0122,R0122,
61,B0012,R0012,1.0,Unique Amount,1.0,OK,Unique Amount Match,2023-10-26,CAE #1769,59.39,DEBIT,-28737.15,2023-10-25,Eating out,59.39,DR,Restaurant,B0012,R0012,
62,B0086,R0086,1.0,Unique Amount,1.0,OK,Unique Amount Match,2023-05-17,TRADER JOES,59.64,DEBIT,-5144.87,2023-05-16,Grocery store,59.64,DR,Grocery,B0086,R0086,
63,B0193,R0193,1.0,Unique Amount,0.0,OK,Unique Amount Match,2023-05-21,SHELL #1659,60.0,DEBIT,-6580.5,2023-05-21,Fuel,60.0,DR,Gas Station,B0193,R0193,
64,B0203,R0203,1.0,Unique Amount,2.0,OK,Unique Amount Match,2023-07-05,TRADER JOES,60.07,DEBIT,-10174.5,2023-07-03,Groceries,60.07,DR,Grocery,B0203,R0203,
65,B0263,R0263,1.0,Unique Amount,2.0,OK,Unique Amount Match,2023-04-17,ATM 1225 CASH,60.37,DEBIT,-872.33,2023-04-15,Cash withdrawal,60.37,DR,Atm Withdrawal,B0263,R0263,
66,B0048,R0048,1.0,Unique Amount,0.0,OK,Unique Amount Match,2023-08-31,BP GAS #9226,61.35,DEBIT,-20235.08,2023-08-31,Gas,61.35,DR,Gas Station,B0048,R0048,
67,B0081,R0081,1.0,Unique Amount,2.0,OK,Unique Amount Match,2023-03-18,KROGER #3568,62.46,DEBIT,2135.28,2023-03-16,Food shopping,62.46,DR,Grocery,B0081,R0081,
68,B0210,R0210,1.0,Unique Amount,0.0,OK,Unique Amount Match,2023-12-20,BISTRO #9155,63.99,DEBIT,-26275.59,2023-12-20,Dinner out,63.99,DR,Restaurant,B0210,R0210,
69,B0054,R0054,1.0,Unique Amount,1.0,OK,Unique Amount Match,2023-08-19,BP GAS #2021,65.07,DEBIT,-19533.75,2023-08-18,Fill up,65.07,DR,Gas Station,B0054,R0054,
70,B0219,R0219,1.0,Unique Amount,0.0,OK,Unique Amount Match,2023-09-02,BP GAS #6423,65.24,DEBIT,-20975.8,2023-09-02,GAS,65.24,DR,Gas Station,B0219,R0219,
71,B0179,R0179,1.0,Unique Amount,2.0,OK,Unique Amount Match,2023-11-05,DINER #5218,65.48,DEBIT,-32418.5,2023-11-03,Eating out,65.48,DR,Restaurant,B0179,R0179,
72,B0004,R0004,1.0,Unique Amount,2.0,OK,Unique Amount Match,2023-04-21,TRADER JOES,65.95,DEBIT,-1528.06,2023-04-19,Grocery store,65.95,DR,Grocery,B0004,R0004,
73,B0215,R0215,1.0,Unique Amount,1.0,OK,Unique Amount Match,2023-07-14,CHEVRON #1262,67.74,DEBIT,-10821.94,2023-07-13,Gas station,67.74,DR,Gas Station,B0215,R0215,
74,B0091,R0091,1.0,Unique Amount,0.0,OK,Unique Amount Match,2023-10-09,DINER #7184,68.21,DEBIT,-24830.69,2023-10-09,Dinner out,68.21,DR,Restaurant,B0091,R0091,
75,B0114,R0114,1.0,Unique Amount,1.0,OK,Unique Amount Match,2023-07-07,EXXON #8035,68.22,DEBIT,-10283.41,2023-07-06,Gas station,68.22,DR,Gas Station,B0114,R0114,
76,B0285,R0285,1.0,Unique Amount,1.0,OK,Unique Amount Match,2023-06-09,BISTRO #1980,68.26,DEBIT,-5329.58,2023-06-08,Restaurant,68.26,DR,Restaurant,B0285,R0285,
77,B0205,R0205,1.0,Unique Amount,2.0,OK,Unique Amount Match,2023-08-31,CAFE #6759,68.41,DEBIT,-20378.93,2023-08-29,Restaurant,68.41,DR,Restaurant,B0205,R0205,
78,B0222,R0222,1.0,Unique Amount,1.0,OK,Unique Amount Match,2023-09-26,EXXON #8158,70.57,DEBIT,-23865.12,2023-09-25,Gas staton,70.57,DR,Gas Station,B0222,R0222,
79,B0035,R0035,1.0,Unique Amount,1.0,OK,Unique Amount Match,2023-09-08,SHELL #4556,71.21,DEBIT,-22278.03,2023-09-07,Fill up,71.21,DR,Gas Station,B0035,R0035,
80,B0017,R0017,1.0,Unique Amount,0.0,OK,Unique Amount Match,2023-01-10,bp gas #7420,72.16,DEBIT,4227.7,2023-01-10,Fuel,72.16,DR,Gas Station,B0017,R0017,
81,B0252,R0252,1.0,Unique Amount,0.0,OK,Unique Amount Match,2023-10-19,DINER #5735,72.43,DEBIT,-26380.84,2023-10-19,Restaurant,72.43,DR,Restaurant,B0252,R0252,
82,B0165,R0165,1.0,Unique Amount,1.0,OK,Unique Amount Match,2023-01-28,RESTAURANT #5737,72.69,DEBIT,6228.24,2023-01-27,Restaurant,72.69,DR,Restaurant,B0165,R0165,
83,B0053,R0053,1.0,Unique Amount,1.0,OK,Unique Amount Match,2023-10-14,EXXON #4073,73.0,DEBIT,-25780.64,2023-10-13,Fill up,73.0,DR,Gas Station,B0053,R0053,
84,B0096,R0096,1.0,Unique Amount,2.0,OK,Unique Amount Match,2023-04-08,RESTAURANT #8215,73.28,DEBIT,226.01,2023-04-06,Restaurant,73.28,DR,Restaurant,B0096,R0096,
85,B0115,R0115,1.0,Unique Amount,0.0,OK,Unique Amount Match,2023-08-28,KROGER #2484,73.86,DEBIT,-22238.74,2023-08-28,GROCERY STORE,73.86,DR,Grocery,B0115,R0115,
86,B0075,R0075,1.0,Unique Amount,2.0,OK,Unique Amount Match,2023-08-31,DINER #9684,75.44,DEBIT,-20310.52,2023-08-29,Restaurant,75.44,DR,Restaurant,B0075,R0075,
87,B0216,R0216,1.0,Unique Amount,4.0,OK,Unique Amount Match,2023-05-12,EBAY PURCHASE,75.99,DEBIT,-5066.22,2023-05-08,Online purchase,75.99,DR,Online Purchase,B0216,R0216,
88,B0183,R0183,1.0,Unique Amount,0.0,OK,Unique Amount Match,2023-08-16,BISTRO #9004,79.52,DEBIT,-17842.22,2023-08-16,Restaurant,79.52,DR,Restaurant,B0183,R0183,
89,B0137,R0137,1.0,Unique Amount,1.0,OK,Unique Amount Match,2023-06-23,online pmt water,81.04,DEBIT,-6576.16,2023-06-22,utilities,81.04,DR,Utility,B0137,R0137,
90,B0275,R0275,1.0,Unique Amount,2.0,OK,Unique Amount Match,2023-09-03,TRADER JOES,81.42,DEBIT,-21795.21,2023-09-01,Grocery store,81.42,DR,Grocery,B0275,R0275,
91,B0198,R0198,1.0,Unique Amount,3.0,OK,Unique Amount Match,2023-02-24,EBAY PURCHASE,83.9,DEBIT,5993.33,2023-02-21,Amazon order,83.9,DR,Online Purchase,B0198,R0198,
92,B0217,R0217,1.0,Unique Amount,2.0,OK,Unique Amount Match,2023-10-28,ONLINE ORDER #9815,84.1,DEBIT,-31050.09,2023-10-26,Amazon order,84.1,DR,Online Purchase,B0217,R0217,
93,B0007,R0007,1.0,Unique Amount,1.0,OK,Unique Amount Match,2023-05-23,DINER #1466,85.39,DEBIT,-6665.89,2023-05-22,Restaurant,85.39,DR,Restaurant,B0007,R0007,
94,B0290,R0290,1.0,Unique Amount,2.0,OK,Unique Amount Match,2023-07-07,KROGER #4394,85.4,DEBIT,-10492.92,2023-07-05,Grocery store,85.4,DR,Grocery,B0290,R0290,
95,B0249,R0249,1.0,Unique Amount,2.0,OK,Unique Amount Match,2023-08-27,DINER #7015,86.63,DEBIT,-22164.88,2023-08-25,Eating out,86.63,DR,Restaurant,B0249,R0249,
96,B0090,R0090,1.0,Unique Amount,1.0,OK,Unique Amount Match,2023-06-20,DINER #4561,88.66,DEBIT,-6495.12,2023-06-19,Eating out,88.66,DR,Restaurant,B0090,R0090,
97,B0116,R0116,1.0,Unique Amount,2.0,OK,Unique Amount Match,2023-12-11,DINER #8858,88.87,DEBIT,-25240.26,2023-12-09,Dinner out,88.87,DR,Restaurant,B0116,R0116,
98,B0154,R0154,1.0,Unique Amount,1.0,OK,Unique Amount Match,2023-07-29,DINER #4763,89.5,DEBIT,-12191.57,2023-07-28,Dinner out,89.5,DR,Restaurant,B0154,R0154,
99,B0212,R0212,1.0,Unique Amount,2.0,OK,Unique Amount Match,2023-12-13,DINER #7616,89.67,DEBIT,-25414.68,2023-12-11,Eating out,89.67,DR,Restaurant,B0212,R0212,
100,B0218,R0218,1.0,Unique Amount,0.0,OK,Unique Amount Match,2023-08-30,CAFE #3049,89.71,DEBIT,-23247.91,2023-08-30,Eating out,89.71,DR,Restaurant,B0218,R0218,
101,B0157,R0157,1.0,Unique Amount,2.0,OK,Unique Amount Match,2023-03-07,RESTAURANT #7585,91.77,DEBIT,2208.72,2023-03-05,Eating out,91.77,DR,Restaurant,B0157,R0157,
102,B0099,R0099,1.0,Unique Amount,3.0,OK,Unique Amount Match,2023-10-20,WHOLE FOODS #3731,92.88,DEBIT,-26765.52,2023-10-17,Grocery store,92.88,DR,Grocery,B0099,R0099,
103,B0240,R0240,1.0,Unique Amount,2.0,OK,Unique Amount Match,2023-09-15,TRADER JOES,93.0,DEBIT,-24482.81,2023-09-13,Grocery store,93.0,DR,Grocery,B0240,R0240,
104,B0155,R0155,1.0,Unique Amount,1.0,OK,Unique Amount Match,2023-05-26,CAFE #6232,93.75,DEBIT,-3771.91,2023-05-25,Restaurant,93.75,DR,Restaurant,B0155,R0155,
105,B0202,R0202,1.0,Unique Amount,1.0,OK,Unique Amount Match,2023-03-10,DINER #9680,94.11,DEBIT,4374.65,2023-03-09,Dinner out,94.11,DR,Restaurant,B0202,R0202,
106,B0236,R0236,1.0,Unique Amount,0.0,OK,Unique Amount Match,2023-09-28,RESTAURANT #1098,94.15,DEBIT,-20678.36,2023-09-28,Dinner out,94.15,DR,Restaurant,B0236,R0236,
107,B0058,R0058,1.0,Unique Amount,2.0,OK,Unique Amount Match,2023-08-03,CAFE #6675,96.01,DEBIT,-13682.99,2023-08-01,Eating out,96.01,DR,Restaurant,B0058,R0058,
108,B0298,R0298,1.0,Unique Amount,0.0,OK,Unique Amount Match,2023-10-05,CAFE #3733,97.2,DEBIT,-24107.93,2023-10-05,Eating out,97.2,DR,Restaurant,B0298,R0298,
109,B0044,R0044,1.0,Unique Amount,1.0,OK,Unique Amount Match,2023-07-17,WHOLE FOODS #7235,97.22,DEBIT,-10968.69,2023-07-16,food shopping,97.22,DR,Grocery,B0044,R0044,
110,B0162,R0162,1.0,Unique Amount,1.0,OK,Unique Amount Match,2023-08-25,BISTRO #2636,98.92,DEBIT,-22078.25,2023-08-24,Lunch,98.92,DR,Restaurant,B0162,R0162,
111,B0140,R0140,1.0,Unique Amount,2.0,OK,Unique Amount Match,2023-04-21,ONLINE PMT GAS CO,99.35,DEBIT,-1627.41,2023-04-19,Utilities,99.35,DR,Utility,B0140,R0140,
112,B0106,R0106,1.0,Unique Amount,2.0,OK,Unique Amount Match,2023-10-17,RESTAURANT #1502,100.29,DEBIT,-26308.41,2023-10-15,Eating out,100.29,DR,Restaurant,B0106,R0106,
113,B0259,R0259,1.0,Unique Amount,2.0,OK,Unique Amount Match,2023-05-05,AMAZON.COM,100.49,DEBIT,-2527.77,2023-05-03,Online purchase,100.49,DR,Online Purchase,B0259,R0259,
114,B0034,R0034,1.0,Unique Amount,1.0,OK,Unique Amount Match,2023-02-24,TRADER JOES,100.83,DEBIT,6077.23,2023-02-23,Food shopping,100.83,DR,Grocery,B0034,R0034,
115,B0024,R0024,1.0,Unique Amount,1.0,OK,Unique Amount Match,2023-08-05,WHOLE FOODS #8849,102.1,DEBIT,-14064.41,2023-08-04,Weekly groceries,102.1,DR,Grocery,B0024,R0024,
116,B0284,R0284,1.0,Unique Amount,0.0,OK,Unique Amount Match,2023-09-05,ATM WITHDRAWAL #1190,102.72,DEBIT,-22206.82,2023-09-05,Cash withdrawal,102.72,DR,Atm Withdrawal,B0284,R0284,
117,B0097,R0097,1.0,Unique Amount,1.0,OK,Unique Amount Match,2023-09-17,DINER #3454,102.95,DEBIT,-22327.75,2023-09-16,Eating out,102.95,DR,Restaurant,B0097,R0097,
118,B0189,R0189,1.0,Unique Amount,1.0,OK,Unique Amount Match,2023-02-14,ONLINE ORDER #7287,103.15,DEBIT,7687.56,2023-02-13,Online shopping,103.15,DR,Online Purchase,B0189,R0189,
119,B0268,R0268,1.0,Unique Amount,4.0,OK,Unique Amount Match,2023-03-20,AMAZON.COM,105.25,DEBIT,1872.22,2023-03-16,Online shopping,105.25,DR,Online Purchase,B0268,R0268,
120,B0015,R0015,1.0,Unique Amount,2.0,OK,Unique Amount Match,2023-01-02,CAFE #6311,108.21,DEBIT,4793.78,2022-12-31,Dinner out,108.21,DR,Restaurant,B0015,R0015,
121,B0305,R0305,1.0,Unique Amount,1.0,OK,Unique Amount Match,2023-09-21,MISC TRANSACTION 1154,111.02,DEBIT,-22569.51,2023-09-20,Other expense,111.02,DR,Miscellaneous,B0305,R0305,Unclear transaction
122,B0046,R0046,1.0,Unique Amount,0.0,OK,Unique Amount Match,2023-10-11,ONLINE PMT GAS CO,112.61,DEBIT,-25145.7,2023-10-11,Gas bill,112.61,DR,Utility,B0046,R0046,
123,B0280,R0280,1.0,Unique Amount,2.0,OK,Unique Amount Match,2023-10-01,BISTRO #1606,112.73,DEBIT,-21778.19,2023-09-29,Dinner out,112.73,DR,Restaurant,B0280,R0280,
124,B0020,R0020,1.0,Unique Amount,0.0,OK,Unique Amount Match,2023-04-26,safeway #4385,114.31,DEBIT,-1982.74,2023-04-26,Food shopping,114.31,DR,Grocery,B0020,R0020,
125,B0291,R0291,1.0,Unique Amount,3.0,OK,Unique Amount Match,2023-02-28,AMAZON.COM,115.32,DEBIT,2541.94,2023-02-25,Online purchase,115.32,DR,Online Purchase,B0291,R0291,
126,B0308,R0308,1.0,Unique Amount,3.0,OK,Unique Amount Match,2023-03-09,MISC TRANSACTION 9096,115.81,DEBIT,4527.23,2023-03-06,Other expense,115.81,DR,Miscellaneous,B0308,R0308,Unclear transaction
127,B0192,R0192,1.0,Unique Amount,1.0,OK,Unique Amount Match,2023-06-15,TRADER JOES,115.93,DEBIT,-5665.64,2023-06-14,Groceries,115.93,DR,Grocery,B0192,R0192,
128,B0172,R0172,1.0,Unique Amount,0.0,OK,Unique Amount Match,2023-07-02,ATM WD 6172,116.54,DEBIT,-9792.1,2023-07-02,Cash withdrawal,116.54,DR,Atm Withdrawal,B0172,R0172,
129,B0041,R0041,1.0,Unique Amount,3.0,OK,Unique Amount Match,2023-04-13,SAFEWAY#8513,116.68,DEBIT,-327.86,2023-04-10,Food shopping,116.68,DR,Grocery,B0041,R0041,
130,B0186,R0186,1.0,Unique Amount,2.0,OK,Unique Amount Match,2023-02-14,DINER #1197,116.92,DEBIT,7790.71,2023-02-12,Dinner out,116.92,DR,Restaurant,B0186,R0186,
131,B0221,R0221,1.0,Unique Amount,0.0,OK,Unique Amount Match,2023-05-29,ONLINE TRANSFER,117.61,DEBIT,-1912.14,2023-05-29,Moved to savings,117.61,DR,Transfer,B0221,R0221,
132,B0180,R0180,1.0,Unique Amount,2.0,OK,Unique Amount Match,2023-05-21,RESTAURANT #9958,118.1,DEBIT,-6520.5,2023-05-19,Eating out,118.1,DR,Restaurant,B0180,R0180,
133,B0276,R0276,1.0,Unique Amount,3.0,OK,Unique Amount Match,2023-05-05,EBAY PURCHASE,122.18,DEBIT,-2649.95,2023-05-02,Online shopping,122.18,DR,Online Purchase,B0276,R0276,
134,B0129,R0129,1.0,Unique Amount,3.0,OK,Unique Amount Match,2023-10-08,EBAY PURCHASE,123.56,DEBIT,-24762.48,2023-10-05,Online shopping,123.56,DR,Online Purchase,B0129,R0129,
135,B0182,R0182,1.0,Unique Amount,3.0,OK,Unique Amount Match,2023-07-07,ONLINE ORDER #3327,124.11,DEBIT,-10407.52,2023-07-04,Amazon order,124.11,DR,Online Purchase,B0182,R0182,
136,B0264,R0264,1.0,Unique Amount,3.0,OK,Unique Amount Match,2023-07-19,online order #5893,124.4,DEBIT,-11300.37,2023-07-16,Online purchase,124.4,DR,Online Purchase,B0264,R0264,
137,B0288,R0288,1.0,Unique Amount,3.0,OK,Unique Amount Match,2023-04-06,SAFEWAY #2184,126.09,DEBIT,486.72,2023-04-03,Weekly groceries,126.09,DR,Grocery,B0288,R0288,
138,B0260,R0260,1.0,Unique Amount,1.0,OK,Unique Amount Match,2023-02-17,ATM WITHDRAWAL #9754,126.19,DEBIT,7561.37,2023-02-16,Cash withdrawal,126.19,DR,Atm Withdrawal,B0260,R0260,
139,B0121,R0121,1.0,Unique Amount,1.0,OK,Unique Amount Match,2023-07-03,AAZON.COM,128.47,DEBIT,-9920.57,2023-07-02,Online shopping,128.47,DR,Online Purchase,B0121,R0121,
140,B0029,R0029,1.0,Unique Amount,2.0,OK,Unique Amount Match,2023-02-04,ONLINE ORDER #4005,130.08,DEBIT,6098.16,2023-02-02,Amazon rder,130.08,DR,Online Purchase,B0029,R0029,
141,B0293,R0293,1.0,Unique Amount,3.0,OK,Unique Amount Match,2023-09-19,KROGER #6854,130.74,DEBIT,-22458.49,2023-09-16,Weekly groceries,130.74,DR,Grocery,B0293,R0293,
142,B0272,R0272,1.0,Unique Amount,2.0,OK,Unique Amount Match,2023-08-11,WHOLE FOODS #8339,131.33,DEBIT,-16707.27,2023-08-09,Grocery store,131.33,DR,Grocery,B0272,R0272,
143,B0241,R0241,1.0,Unique Amount,2.0,OK,Unique Amount Match,2023-09-24,ONLINE ORDER #3869,132.86,DEBIT,-23794.55,2023-09-22,Online purchase,132.86,DR,Online Purchase,B0241,R0241,
144,B0084,R0084,1.0,Unique Amount,3.0,OK,Unique Amount Match,2023-01-02,TRADER JOES,137.35,DEBIT,4656.43,2022-12-30,Groceries,137.35,DR,Grocery,B0084,R0084,
145,B0125,R0125,1.0,Unique Amount,2.0,OK,Unique Amount Match,2023-03-06,ATM WITHDRAWAL #7374,137.87,DEBIT,2300.49,2023-03-04,Cash,137.87,DR,Atm Withdrawal,B0125,R0125,
146,B0228,R0228,1.0,Unique Amount,1.0,OK,Unique Amount Match,2023-09-02,TRADER JOES,138.27,DEBIT,-21350.91,2023-09-01,Weekly groceries,138.27,DR,Grocery,B0228,R0228,
147,B0120,R0120,1.0,Unique Amount,2.0,OK,Unique Amount Match,2023-01-17,ONLINE PMT ELEC CO,142.99,DEBIT,3352.31,2023-01-15,Water bill,142.99,DR,Utility,B0120,R0120,
148,B0052,R0052,1.0,Unique Amount,5.0,OK,Unique Amount Match,2023-09-23,CHECK #8555,145.2,DEBIT,-22714.71,2023-09-18,Check #8555,145.2,DR,Check Payment,B0052,R0052,
149,B0031,R0031,1.0,Unique Amount,3.0,OK,Unique Amount Match,2023-11-27,AMAZON.COM,145.31,DEBIT,-30975.78,2023-11-24,Amazon order,145.31,DR,Online Purchase,B0031,R0031,
150,B0273,R0273,1.0,Unique Amount,2.0,OK,Unique Amount Match,2023-09-11,AMAZON.COM,145.49,DEBIT,-24240.49,2023-09-09,Online shopping,145.49,DR,Online Purchase,B0273,R0273,
151,B0184,R0184,1.0,Unique Amount,1.0,OK,Unique Amount Match,2023-01-14,WHOLE FOODS #3931,147.3,DEBIT,3913.87,2023-01-13,Grocery store,147.3,DR,Grocery,B0184,R0184,
152,B0095,R0095,1.0,Unique Amount,2.0,OK,Unique Amount Match,2023-09-13,KROGER #4104,149.32,DEBIT,-24389.81,2023-09-11,Weekly groceries,149.32,DR,Grocery,B0095,R0095,
153,B0247,R0247,1.0,Unique Amount,2.0,OK,Unique Amount Match,2023-10-14,EBAY PURCHASE,151.63,DEBIT,-25932.27,2023-10-12,Online shoppng,151.63,DR,Online Purchase,B0247,R0247,
154,B0254,R0254,1.0,Unique Amount,0.0,OK,Unique Amount Match,2023-10-05,WHOLE FOODS #9050,152.41,DEBIT,-24010.73,2023-10-05,Groceries,152.41,DR,Grocery,B0254,R0254,
155,B0028,R0028,1.0,Unique Amount,2.0,OK,Unique Amount Match,2023-01-26,ATM WD 3734,153.5,DEBIT,6338.35,2023-01-24,ATM cash,153.5,DR,Atm Withdrawal,B0028,R0028,
156,B0295,R0295,1.0,Unique Amount,0.0,OK,Unique Amount Match,2023-07-03,ATM 1569 CASH,155.69,DEBIT,-10076.26,2023-07-03,Cash,155.69,DR,Atm Withdrawal,B0295,R0295,
157,B0056,R0056,1.0,Unique Amount,3.0,OK,Unique Amount Match,2023-03-20,CK #8989,157.81,DEBIT,1977.47,2023-03-17,Check #8989,157.81,DR,Check Payment,B0056,R0056,
158,B0287,R0287,1.0,Unique Amount,1.0,OK,Unique Amount Match,2023-05-05,KROGER #7102,158.14,DEBIT,-2808.09,2023-05-04,Weekly groceries,158.14,DR,Grocery,B0287,R0287,
159,B0094,R0094,1.0,Unique Amount,0.0,OK,Unique Amount Match,2023-06-09,WHOLE FOODS #9392,158.21,DEBIT,-5261.32,2023-06-09,Weekly groceries,158.21,DR,Grocery,B0094,R0094,
160,B0251,R0251,1.0,Unique Amount,2.0,OK,Unique Amount Match,2023-01-09,KROGER #5496,158.43,DEBIT,4299.86,2023-01-07,Grocery store,158.43,DR,Grocery,B0251,R0251,
161,B0126,R0126,1.0,Unique Amount,4.0,OK,Unique Amount Match,2023-02-25,AMAZON.COM,158.59,DEBIT,5834.74,2023-02-21,Online purchase,158.59,DR,Online Purchase,B0126,R0126,
162,B0211,R0211,1.0,Unique Amount,4.0,OK,Unique Amount Match,2023-06-16,AMAZON.COM,164.76,DEBIT,-5830.4,2023-06-12,Online shopping,164.76,DR,Online Purchase,B0211,R0211,
163,B0013,R0013,1.0,Unique Amount,3.0,OK,Unique Amount Match,2023-12-15,KROGER #7949,167.26,DEBIT,-25755.36,2023-12-12,Grocery store,167.26,DR,Grocery,B0013,R0013,
164,B0073,R0073,1.0,Unique Amount,0.0,OK,Unique Amount Match,2023-10-12,ONLINE PMT ELEC CO,167.83,DEBIT,-25707.64,2023-10-12,Utilities,167.83,DR,Utility,B0073,R0073,
165,B0265,R0265,1.0,Unique Amount,2.0,OK,Unique Amount Match,2023-02-08,KROGER #8022,169.06,DEBIT,8079.09,2023-02-06,Grocery store,169.06,DR,Grocery,B0265,R0265,
166,B0136,R0136,1.0,Unique Amount,0.0,OK,Unique Amount Match,2023-08-08,TRADER JOES,169.84,DEBIT,-16174.21,2023-08-08,Groceries,169.84,DR,Grocery,B0136,R0136,
167,B0033,R0033,1.0,Unique Amount,2.0,OK,Unique Amount Match,2023-08-13,WHOLE FOODS #2267,170.39,DEBIT,-16877.66,2023-08-11,Grocey store,170.39,DR,Grocery,B0033,R0033,
168,B0021,R0021,1.0,Unique Amount,1.0,OK,Unique Amount Match,2023-01-17,HEALTH INS PMT,171.26,DEBIT,3495.3,2023-01-16,Car insurance,171.26,DR,Insurance,B0021,R0021,
169,B0214,R0214,1.0,Unique Amount,1.0,OK,Unique Amount Match,2023-09-03,ONLINE PMT WATER,175.28,DEBIT,-21526.19,2023-09-02,Water bill,175.28,DR,Utility,B0214,R0214,
170,B0163,R0163,1.0,Unique Amount,0.0,OK,Unique Amount Match,2023-05-09,WHOLE FOODS #4696,176.44,DEBIT,-4746.67,2023-05-09,Groceries,176.44,DR,Grocery,B0163,R0163,
171,B0245,R0245,1.0,Unique Amount,2.0,OK,Unique Amount Match,2023-04-15,TRADER JOES,177.57,DEBIT,-505.43,2023-04-13,Groceries,177.57,DR,Grocery,B0245,R0245,
172,B0119,R0119,1.0,Unique Amount,4.0,OK,Unique Amount Match,2023-12-23,EBAY PURCHASE,182.39,DEBIT,-26650.82,2023-12-19,Online purchase,182.39,DR,Online Purchase,B0119,R0119,
173,B0170,R0170,1.0,Unique Amount,0.0,OK,Unique Amount Match,2023-08-08,ONLINE PMT GAS CO,184.52,DEBIT,-16575.94,2023-08-08,Gas bill,184.52,DR,Utility,B0170,R0170,
174,B0271,R0271,1.0,Unique Amount,1.0,OK,Unique Amount Match,2023-10-20,TRADER JOES,185.49,DEBIT,-27122.72,2023-10-19,Grocery store,185.49,DR,Grocery,B0271,R0271,
175,B0132,R0132,1.0,Unique Amount,1.0,OK,Unique Amount Match,2023-07-11,WHOLE FOODS 4157,185.8,DEBIT,-10678.72,2023-07-10,Groceries,185.8,DR,Grocery,B0132,R0132,
176,B0233,R0233,1.0,Unique Amount,0.0,OK,Unique Amount Match,2023-04-22,ONLINE TRANSFER,186.05,DEBIT,-1868.43,2023-04-22,Internal transfer,186.05,DR,Transfer,B0233,R0233,
177,B0227,R0227,1.0,Unique Amount,2.0,OK,Unique Amount Match,2023-07-27,TRADER JOES,186.51,DEBIT,-12102.07,2023-07-25,Grocery store,186.51,DR,Grocery,B0227,R0227,
178,B0185,R0185,1.0,Unique Amount,2.0,OK,Unique Amount Match,2023-11-10,SAFEWAY #8777,187.27,DEBIT,-32700.71,2023-11-08,Groceres,187.27,DR,Grocery,B0185,R0185,
179,B0152,R0152,1.0,Unique Amount,3.0,OK,Unique Amount Match,2023-04-07,AMAZON.COM,187.43,DEBIT,299.29,2023-04-04,Online shopping,187.43,DR,Online Purchase,B0152,R0152,
180,B0248,R0248,1.0,Unique Amount,1.0,OK,Unique Amount Match,2023-09-03,KROGER #4987,187.6,DEBIT,-21713.79,2023-09-02,Food shopping,187.6,DR,Grocery,B0248,R0248,
181,B0019,R0019,1.0,Unique Amount,1.0,OK,Unique Amount Match,2023-10-04,TRADER JOES,191.15,DEBIT,-23858.32,2023-10-03,Weekly groceries,191.15,DR,Grocery,B0019,R0019,
182,B0279,R0279,1.0,Unique Amount,1.0,OK,Unique Amount Match,2023-05-10,WHOLE FOODS #1301,191.62,DEBIT,-4990.23,2023-05-09,Weekly groceries,191.62,DR,Grocery,B0279,R0279,
183,B0174,R0174,1.0,Unique Amount,0.0,OK,Unique Amount Match,2023-03-11,WHOLE FOODS #6791,191.79,DEBIT,4182.86,2023-03-11,Grocery store,191.79,DR,Grocery,B0174,R0174,
184,B0112,R0112,1.0,Unique Amount,2.0,OK,Unique Amount Match,2023-12-15,ONLINE ORDER #6977,194.05,DEBIT,-26001.48,2023-12-13,Amazon order,194.05,DR,Online Purchase,B0112,R0112,
185,B0069,R0069,1.0,Unique Amount,2.0,OK,Unique Amount Match,2023-08-24,HEALTH INS PMT,195.9,DEBIT,-21939.21,2023-08-22,Health insurance,195.9,DR,Insurance,B0069,R0069,
186,B0142,R0142,1.0,Unique Amount,3.0,OK,Unique Amount Match,2023-01-04,KROGER #6864,198.14,DEBIT,4458.29,2023-01-01,Food shopping,198.14,DR,Grocery,B0142,R0142,
187,B0187,R0187,1.0,Unique Amount,2.0,OK,Unique Amount Match,2023-03-22,ONLINE PMT ELEC CO,200.63,DEBIT,1671.59,2023-03-20,Water bill,200.63,DR,Utility,B0187,R0187,
188,B0148,R0148,1.0,Unique Amount,1.0,OK,Unique Amount Match,2023-11-05,SAFEWAY #4748,200.84,DEBIT,-32353.02,2023-11-04,Weekly groceries,200.84,DR,Grocery,B0148,R0148,
189,B0191,R0191,1.0,Unique Amount,1.0,OK,Unique Amount Match,2023-10-10,WHOLE FOODS #5282,202.4,DEBIT,-25033.09,2023-10-09,Groceries,202.4,DR,Grocery,B0191,R0191,
190,B0256,R0256,1.0,Unique Amount,4.0,OK,Unique Amount Match,2023-11-12,EBAY PURCHASE,202.9,DEBIT,-33028.58,2023-11-08,Amazon order,202.9,DR,Online Purchase,B0256,R0256,
191,B0102,R0102,1.0,Unique Amount,3.0,OK,Unique Amount Match,2023-02-08,KROGER #9110,205.21,DEBIT,8248.15,2023-02-05,Groceries,205.21,DR,Grocery,B0102,R0102,
192,B0292,R0292,1.0,Unique Amount,1.0,OK,Unique Amount Match,2023-10-30,AMAZON.COM,206.55,DEBIT,-31335.58,2023-10-29,Online shopping,206.55,DR,Online Purchase,B0292,R0292,
193,B0059,R0059,1.0,Unique Amount,1.0,OK,Unique Amount Match,2023-07-19,ATM WD 1161,207.28,DEBIT,-11175.97,2023-07-18,ATM cash,207.28,DR,Atm Withdrawal,B0059,R0059,
194,B0246,R0246,1.0,Unique Amount,1.0,OK,Unique Amount Match,2023-05-18,ATM WITHDRAWAL #5493,208.63,DEBIT,-5633.71,2023-05-17,ATM cash,208.63,DR,Atm Withdrawal,B0246,R0246,
195,B0257,R0257,1.0,Unique Amount,2.0,OK,Unique Amount Match,2023-09-15,ATM WITHDRAWAL #7893,208.73,DEBIT,-24691.54,2023-09-13,Cash withdrawal,208.73,DR,Atm Withdrawal,B0257,R0257,
196,B0277,R0277,1.0,Unique Amount,2.0,OK,Unique Amount Match,2023-10-07,ONLINE ORDER #3327,209.29,DEBIT,-24638.92,2023-10-05,Online shopping,209.29,DR,Online Purchase,B0277,R0277,
197,B0009,R0009,1.0,Unique Amount,2.0,OK,Unique Amount Match,2023-12-19,AMAZON.COM,210.12,DEBIT,-26211.6,2023-12-17,Amazon order,210.12,DR,Online Purchase,B0009,R0009,
198,B0258,R0258,1.0,Unique Amount,2.0,OK,Unique Amount Match,2023-04-09,KROGER #2693,212.12,DEBIT,13.89,2023-04-07,Groceries,212.12,DR,Grocery,B0258,R0258,
199,B0144,R0144,1.0,Unique Amount,4.0,OK,Unique Amount Match,2023-08-08,AMAZON.COM,217.21,DEBIT,-16391.42,2023-08-04,Online shopping,217.21,DR,Online Purchase,B0144,R0144,
200,B0194,R0194,1.0,Unique Amount,2.0,OK,Unique Amount Match,2023-12-04,whole foods #3811,217.72,DEBIT,-25093.83,2023-12-02,Groceries,217.72,DR,Grocery,B0194,R0194,
201,B0107,R0107,1.0,Unique Amount,0.0,OK,Unique Amount Match,2023-10-26,AUTO INS,219.66,DEBIT,-29238.2,2023-10-26,Car insurance,219.66,DR,Insurance,B0107,R0107,
202,B0045,R0045,1.0,Unique Amount,1.0,OK,Unique Amount Match,2023-06-10,EBAY PURCHASE,220.13,DEBIT,-5549.71,2023-06-09,Online purchase,220.13,DR,Online Purchase,B0045,R0045,
203,B0062,R0062,1.0,Unique Amount,1.0,OK,Unique Amount Match,2023-08-04,ONLINE PMT WATER,221.93,DEBIT,-13962.31,2023-08-03,Electric bill,221.93,DR,Utility,B0062,R0062,
204,B0109,R0109,1.0,Unique Amount,1.0,OK,Unique Amount Match,2023-04-12,ONLINE PMT GAS CO,225.07,DEBIT,-211.18,2023-04-11,Water bill,225.07,DR,Utility,B0109,R0109,
205,B0001,R0001,1.0,Unique Amount,1.0,OK,Unique Amount Match,2023-02-27,AMAZON.COM,226.34,DEBIT,4983.07,2023-02-26,Online purchase,226.34,DR,Online Purchase,B0001,R0001,
206,B0051,R0051,1.0,Unique Amount,0.0,OK,Unique Amount Match,2023-03-17,WHOLE FOODS #4943,228.0,DEBIT,2824.56,2023-03-17,Weekly groceries,228.0,DR,Grocery,B0051,R0051,
207,B0181,R0181,1.0,Unique Amount,2.0,OK,Unique Amount Match,2023-03-23,CK #5389,228.5,DEBIT,1443.09,2023-03-21,Check payment,228.5,DR,Check Payment,B0181,R0181,
208,B0063,R0063,1.0,Unique Amount,1.0,OK,Unique Amount Match,2023-02-05,AMAZON.COM,229.96,DEBIT,5829.03,2023-02-04,Amazon order,229.96,DR,Online Purchase,B0063,R0063,
209,B0089,R0089,1.0,Unique Amount,3.0,OK,Unique Amount Match,2023-08-29,KROGER #6892,232.79,DEBIT,-22471.53,2023-08-26,Weekly groceries,232.79,DR,Grocery,B0089,R0089,
210,B0243,R0243,1.0,Unique Amount,5.0,OK,Unique Amount Match,2023-08-02,CK #9352,234.3,DEBIT,-13586.98,2023-07-28,Check payment,234.3,DR,Check Payment,B0243,R0243,
211,B0093,R0093,1.0,Unique Amount,1.0,OK,Unique Amount Match,2023-05-17,kroger #7278,235.17,DEBIT,-5380.04,2023-05-16,Groceries,235.17,DR,Grocery,B0093,R0093,
212,B0158,R0158,1.0,Unique Amount,2.0,OK,Unique Amount Match,2023-04-20,SAFEWAY #2291,239.27,DEBIT,-1111.6,2023-04-18,Food shopping,239.27,DR,Grocery,B0158,R0158,
213,B0087,R0087,1.0,Unique Amount,1.0,OK,Unique Amount Match,2023-12-25,ONLINE PMT GAS O,240.25,DEBIT,-26942.82,2023-12-24,Utilities,240.25,DR,Utility,B0087,R0087,
214,B0105,R0105,1.0,Unique Amount,0.0,OK,Unique Amount Match,2023-01-15,AUTO INS,247.31,DEBIT,3666.56,2023-01-15,Car insurance,247.31,DR,Insurance,B0105,R0105,
215,B0200,R0200,1.0,Unique Amount,3.0,OK,Unique Amount Match,2023-03-23,TRADER JOES,249.17,DEBIT,1193.92,2023-03-20,Weekly groceries,249.17,DR,Grocery,B0200,R0200,
216,B0296,R0296,1.0,Unique Amount,5.0,OK,Unique Amount Match,2023-08-16,CHECK #642,250.53,DEBIT,-18092.75,2023-08-11,Check #6442,250.53,DR,Check Payment,B0296,R0296,
217,B0224,R0224,1.0,Unique Amount,4.0,OK,Unique Amount Match,2023-11-24,AMAZON.COM,250.69,DEBIT,-30616.09,2023-11-20,Online shopping,250.69,DR,Online Purchase,B0224,R0224,
218,B0131,R0131,1.0,Unique Amount,1.0,OK,Unique Amount Match,2023-04-27,AUTO INS,251.68,DEBIT,-2234.42,2023-04-26,Health insurance,251.68,DR,Insurance,B0131,R0131,
219,B0135,R0135,1.0,Unique Amount,2.0,OK,Unique Amount Match,2023-09-04,ONLINE ORDER #4627,256.47,DEBIT,-22051.68,2023-09-02,Online shopping,256.47,DR,Online Purchase,B0135,R0135,
220,B0149,R0149,1.0,Unique Amount,3.0,OK,Unique Amount Match,2023-08-18,AMAZON.COM,261.31,DEBIT,-18354.06,2023-08-15,Online shopping,261.31,DR,Online Purchase,B0149,R0149,
221,B0101,R0101,1.0,Unique Amount,1.0,OK,Unique Amount Match,2023-06-19,ONLINE ORDER #056,264.14,DEBIT,-6136.44,2023-06-18,Online shopping,264.14,DR,Online Purchase,B0101,R0101,
222,B0261,R0261,1.0,Unique Amount,1.0,OK,Unique Amount Match,2023-06-19,AMAZON.COM,270.02,DEBIT,-6406.46,2023-06-18,Amazon order,270.02,DR,Online Purchase,B0261,R0261,
223,B0060,R0060,1.0,Unique Amount,1.0,OK,Unique Amount Match,2023-10-01,ONLINE ORDER #5297,273.47,DEBIT,-21270.42,2023-09-30,Amazon order,273.47,DR,Online Purchase,B0060,R0060,
224,B0117,R0117,1.0,Unique Amount,3.0,OK,Unique Amount Match,2023-10-15,AMAZON.COM,275.85,DEBIT,-26208.12,2023-10-12,Online purchase,275.85,DR,Online Purchase,B0117,R0117,
225,B0030,R0030,1.0,Unique Amount,3.0,OK,Unique Amount Match,2023-10-26,ONLINE ORDER #5658,281.39,DEBIT,-29018.54,2023-10-23,Online shopping,281.39,DR,Online Purchase,B0030,R0030,
226,B0213,R0213,1.0,Unique Amount,2.0,OK,Unique Amount Match,2023-06-02,EBAY PURCHASE,283.32,DEBIT,-4159.22,2023-05-31,Online purchase,283.32,DR,Online Purchase,B0213,R0213,
227,B0282,R0282,1.0,Unique Amount,4.0,OK,Unique Amount Match,2023-01-23,EBAY PURCHASE,290.54,DEBIT,2053.86,2023-01-19,Amazon order,290.54,DR,Online Purchase,B0282,R0282,
228,B0022,R0022,1.0,Unique Amount,2.0,OK,Unique Amount Match,2023-10-20,AUTO INS,291.8,DEBIT,-26672.64,2023-10-18,Insurance payment,291.8,DR,Insurance,B0022,R0022,
229,B0003,R0003,1.0,Unique Amount,5.0,OK,Unique Amount Match,2023-10-07,CHECK #6390,298.4,DEBIT,-24429.63,2023-10-02,Check payment,298.4,DR,Check Payment,B0003,R0003,
230,B0301,R0301,1.0,Unique Amount,0.0,OK,Unique Amount Match,2023-04-16,MISC TRANSACTION 5014,306.53,DEBIT,-811.96,2023-04-16,Other expense,306.53,DR,Miscellaneous,B0301,R0301,Unclear transaction
231,B0304,R0304,1.0,Unique Amount,4.0,OK,Unique Amount Match,2023-05-30,MISC TRANSACTION 8806,307.73,DEBIT,-3875.9,2023-05-26,Other expense,307.73,DR,Miscellaneous,B0304,R0304,Unclear transaction
232,B0302,R0302,1.0,Unique Amount,4.0,OK,Unique Amount Match,2023-09-30,MISC TRANSACTION 2686,318.59,DEBIT,-20996.95,2023-09-26,Other expense,318.59,DR,Miscellaneous,B0302,R0302,Unclear transaction
233,B0281,R0281,1.0,Unique Amount,2.0,OK,Unique Amount Match,2023-10-02,INSURANCE PMT,341.45,DEBIT,-22119.64,2023-09-30,Health insurance,341.45,DR,Insurance,B0281,R0281,
234,B0078,R0078,1.0,Unique Amount,3.0,OK,Unique Amount Match,2023-10-01,CK #3062,346.88,DEBIT,-21617.3,2023-09-28,Paid by check,346.88,DR,Check Payment,B0078,R0078,
235,B0289,R0289,1.0,Unique Amount,3.0,OK,Unique Amount Match,2023-04-20,CHECK #4327,350.51,DEBIT,-1462.11,2023-04-17,Paid by check,350.51,DR,Check Payment,B0289,R0289,
236,B0307,R0307,1.0,Unique Amount,2.0,OK,Unique Amount Match,2023-12-02,MISC TRANSACTION 1784,365.64,DEBIT,-24876.11,2023-11-30,Other expense,365.64,DR,Miscellaneous,B0307,R0307,Unclear transaction
237,B0238,R0238,1.0,Unique Amount,0.0,OK,Unique Amount Match,2023-02-27,INSURANCE PMT,392.84,DEBIT,4590.23,2023-02-27,Insuranc payment,392.84,DR,Insurance,B0238,R0238,
238,B0027,R0027,1.0,Unique Amount,1.0,OK,Unique Amount Match,2023-10-12,ONLINE TRANSFER,394.11,DEBIT,-25539.81,2023-10-11,Internal transfer,394.11,DR,Transfer,B0027,R0027,
239,B0036,R0036,1.0,Unique Amount,1.0,OK,Unique Amount Match,2023-03-08,XFER TO SAVINGS,407.01,DEBIT,1801.71,2023-03-07,moved to savings,407.01,DR,Transfer,B0036,R0036,
240,B0082,R0082,1.0,Unique Amount,1.0,OK,Unique Amount Match,2023-08-15,AUTO INS,408.05,DEBIT,-17342.92,2023-08-14,Health insurance,408.05,DR,Insurance,B0082,R0082,
241,B0128,R0128,1.0,Unique Amount,0.0,OK,Unique Amount Match,2023-08-16,INSURANCE PMT,419.78,DEBIT,-17762.7,2023-08-16,Insurance payment,419.78,DR,Insurance,B0128,R0128,
242,B0175,R0175,1.0,Unique Amount,1.0,OK,Unique Amount Match,2023-01-22,HEALTH INS PMT,430.01,DEBIT,2344.4,2023-01-21,Car insurance,430.01,DR,Insurance,B0175,R0175,
243,B0303,R0303,1.0,Unique Amount,5.0,OK,Unique Amount Match,2023-03-28,MISC TRANSACTION 4009,490.55,DEBIT,703.37,2023-03-23,Other expense,490.55,DR,Miscellaneous,B0303,R0303,Unclear transaction
244,B0306,R0306,1.0,Unique Amount,0.0,OK,Unique Amount Match,2023-07-30,MISC TRANSACTION 2409,496.62,DEBIT,-13295.12,2023-07-30,Other expense,496.62,DR,Miscellaneous,B0306,R0306,Unclear transaction
245,B0038,R0038,1.0,Unique Amount,1.0,OK,Unique Amount Match,2023-01-21,ONLINE TRANSFER,499.15,DEBIT,2774.41,2023-01-20,Moved to savings,499.15,DR,Transfer,B0038,R0038,
246,B0196,R0196,1.0,Unique Amount,4.0,OK,Unique Amount Match,2023-07-27,CHECK #7546,508.19,DEBIT,-11915.56,2023-07-23,Check #7546,508.19,DR,Check Payment,B0196,R0196,
247,B0294,R0294,1.0,Unique Amount,3.0,OK,Unique Amount Match,2023-11-27,CHECK #7709,599.42,DEBIT,-27845.18,2023-11-24,Check payment,599.42,DR,Check Payment,B0294,R0294,
248,B0040,R0040,1.0,Unique Amount,0.0,OK,Unique Amount Match,2023-07-30,ONLINE TRANSFER,606.93,DEBIT,-12798.5,2023-07-30,Moved to savings,606.93,DR,Transfer,B0040,R0040,
249,B0207,R0207,1.0,Unique Amount,5.0,OK,Unique Amount Match,2023-02-26,CHECK #3385,625.33,DEBIT,5209.41,2023-02-21,Paid by check,625.33,DR,Check Payment,B0207,R0207,
250,B0123,R0123,1.0,Unique Amount,0.0,OK,Unique Amount Match,2023-03-17,ONLINE TRANSFER,626.82,DEBIT,2197.74,2023-03-17,Internal transfer,626.82,DR,Transfer,B0123,R0123,
251,B0008,R0008,1.0,Unique Amount,2.0,OK,Unique Amount Match,2023-11-28,CHECK #5426,648.22,DEBIT,-28493.4,2023-11-26,Check payment,648.22,DR,Check Payment,B0008,R0008,
252,B0167,R0167,1.0,Unique Amount,5.0,OK,Unique Amount Match,2023-08-29,CHECK #9164,653.81,DEBIT,-23125.34,2023-08-24,Check #9164,653.81,DR,Check Payment,B0167,R0167,
253,B0085,R0085,1.0,Unique Amount,2.0,OK,Unique Amount Match,2023-08-21,CHECK #6258,718.65,DEBIT,-20517.91,2023-08-19,Check #6258,718.65,DR,Check Payment,B0085,R0085,
254,B0150,R0150,1.0,Unique Amount,0.0,OK,Unique Amount Match,2023-05-21,ACH TRANSFER,768.69,DEBIT,-6402.4,2023-05-21,Moved to savings,768.69,DR,Transfer,B0150,R0150,
255,B0104,R0104,1.0,Unique Amount,3.0,OK,Unique Amount Match,2023-05-28,CHECK #2028,772.09,DEBIT,-1756.58,2023-05-25,Paid y check,772.09,DR,Check Payment,B0104,R0104,
256,B0067,R0067,1.0,Unique Amount,2.0,OK,Unique Amount Match,2023-11-04,CHECK #7863,816.6,DEBIT,-32152.18,2023-11-02,Check #7863,816.6,DR,Check Payment,B0067,R0067,
257,B0049,R0049,1.0,Unique Amount,3.0,OK,Unique Amount Match,2023-06-08,CHECK #4152,825.91,DEBIT,-5045.86,2023-06-05,Check payment,825.91,DR,Check Payment,B0049,R0049,
258,B0050,R0050,1.0,Unique Amount,1.0,OK,Unique Amount Match,2023-02-07,ONLINE TRANSFER,887.44,DEBIT,8453.36,2023-02-06,Internal transfer,887.44,DR,Transfer,B0050,R0050,
259,B0244,R0244,1.0,Unique Amount,5.0,OK,Unique Amount Match,2023-03-15,CK #6699,923.27,DEBIT,3052.56,2023-03-10,Paid by check,923.27,DR,Check Payment,B0244,R0244,
260,B0283,R0283,1.0,Unique Amount,0.0,OK,Unique Amount Match,2023-09-23,XFER TO SAVINGS,946.98,DEBIT,-23661.69,2023-09-23,Internal transfer,946.98,DR,Transfer,B0283,R0283,
261,B0161,R0161,1.0,Unique Amount,0.0,OK,Unique Amount Match,2023-08-18,ACH TRANSFER,1114.62,DEBIT,-19468.68,2023-08-18,Transfer,1114.62,DR,Transfer,B0161,R0161,
262,B0297,R0297,1.0,Unique Amount,1.0,OK,Unique Amount Match,2023-08-23,ONLINE TRANSFER,1144.48,DEBIT,-21708.98,2023-08-22,Moved to savings,1144.48,DR,Transfer,B0297,R0297,
263,B0159,R0159,1.0,Unique Amount,0.0,OK,Unique Amount Match,2023-02-21,XFER TO SAVINGS,1357.67,DEBIT,6178.06,2023-02-21,Transfer,1357.67,DR,Transfer,B0159,R0159,
264,B0139,R0139,1.0,Unique Amount,0.0,OK,Unique Amount Match,2023-11-13,XFER TO SAVINGS,1380.54,DEBIT,-34409.12,2023-11-13,Moved to savings,1380.54,DR,Transfer,B0139,R0139,
265,B0208,R0208,1.0,Unique Amount,0.0,OK,Unique Amount Match,2023-10-24,ONLINE TRANSFER,1470.66,DEBIT,-28624.92,2023-10-24,Internal transfer,1470.66,DR,Transfer,B0208,R0208,
266,B0147,R0147,1.0,Unique Amount,1.0,OK,Unique Amount Match,2023-06-28,ONLINE TRANSFER,1482.02,DEBIT,-9649.69,2023-06-27,Transfer,1482.02,DR,Transfer,B0147,R0147,
267,B0204,R0204,1.0,Unique Amount,1.0,OK,Unique Amount Match,2023-06-23,XFER TO SAVINGS,1534.43,DEBIT,-8110.59,2023-06-22,Moved to savngs,1534.43,DR,Transfer,B0204,R0204,
268,B0229,R0229,1.0,Unique Amount,0.0,OK,Unique Amount Match,2023-10-03,XFER TO SAVINGS,1547.53,DEBIT,-23667.17,2023-10-03,Transfer,1547.53,DR,Transfer,B0229,R0229,
269,B0278,R0278,1.0,Unique Amount,0.0,OK,Unique Amount Match,2023-05-30,ACH TRANSFER,1656.03,DEBIT,-3568.17,2023-05-30,Internal transfer,1656.03,DR,Transfer,B0278,R0278,
270,B0130,R0130,1.0,Unique Amount,0.0,OK,Unique Amount Match,2023-12-26,XFER TO SAVINGS,1720.31,DEBIT,-28663.13,2023-12-26,Internal transfer,1720.31,DR,Transfer,B0130,R0130,
271,B0057,R0057,1.0,Unique Amount,0.0,OK,Unique Amount Match,2023-10-27,ACH TRANSFER,1727.79,DEBIT,-30965.99,2023-10-27,Moved to savings,1727.79,DR,Transfer,B0057,R0057,
272,B0079,R0079,1.0,Unique Amount,0.0,OK,Unique Amount Match,2023-09-09,ACH TRANSFER,1758.17,DEBIT,-24036.2,2023-09-09,Moved to savings,1758.17,DR,Transfer,B0079,R0079,
273,B0065,R0065,1.0,Unique Amount,0.0,OK,Unique Amount Match,2023-02-28,ONLINE TRANSFER,1932.97,DEBIT,2657.26,2023-02-28,Moved to savings,1932.97,DR,Transfer,B0065,R0065,
274,B0134,R0134,1.0,Unique Amount,0.0,OK,Unique Amount Match,2023-08-05,ACH TRANSFER,1939.96,DEBIT,-16004.37,2023-08-05,Transfer,1939.96,DR,Transfer,B0134,R0134,
275,B0068,R0068,1.0,Unique Amount,1.0,OK,Unique Amount Match,2023-09-17,ACH CREDIT SALARY,2525.3,CREDIT,-22224.8,2023-09-16,Paycheck,2525.3,CR,Payroll,B0068,R0068,
276,B0269,R0269,1.0,Unique Amount,0.0,OK,Unique Amount Match,2023-03-09,DIRECT DEPOSIT,2874.78,CREDIT,4643.04,2023-03-09,MONTHLY SALARY,2874.78,CR,Payroll,B0269,R0269,
277,B0071,R0071,1.0,Unique Amount,1.0,OK,Unique Amount Match,2023-05-23,DIRECT DEPOSIT,2987.73,CREDIT,-3678.16,2023-05-22,Monthly salary,2987.73,CR,Payroll,B0071,R0071,
278,B0055,R0055,1.0,Unique Amount,0.0,OK,Unique Amount Match,2023-05-27,DIRECT DEPOSIT,3043.43,CREDIT,-728.48,2023-05-27,Paycheck,3043.43,CR,Payroll,B0055,R0055,
279,B0234,R0234,1.0,Unique Amount,0.0,OK,Unique Amount Match,2023-08-30,DIRECT DEP PAYROLL,3074.18,CREDIT,-20173.73,2023-08-30,Monthly salary,3074.18,CR,Payroll,B0234,R0234,
280,B0171,R0171,1.0,Unique Amount,0.0,OK,Unique Amount Match,2023-09-27,DIRECT DEPOSIT,3280.91,CREDIT,-20584.21,2023-09-27,Monthly salary,3280.91,CR,Payroll,B0171,R0171,
281,B0032,R0032,1.0,Unique Amount,0.0,OK,Unique Amount Match,2023-02-07,ACH CREDIT SALARY,3511.77,CREDIT,9340.8,2023-02-07,Paycheck,3511.77,CR,Payroll,B0032,R0032,
282,B0151,R0151,1.0,Unique Amount,0.0,OK,Unique Amount Match,2023-11-27,ACH CREDIT SALARY,3730.02,CREDIT,-27245.76,2023-11-27,Paycheck,3730.02,CR,Payroll,B0151,R0151,
283,B0166,R0166,1.0,Unique Amount,1.0,OK,Unique Amount Match,2023-11-29,ACH CREDIT SALARY,4082.76,CREDIT,-24510.47,2023-11-28,Monthly salary,4082.76,CR,Payroll,B0166,R0166,
284,B0267,R0267,1.0,Unique Amount,1.0,OK,Unique Amount Match,2023-11-13,DIRECT DEP PAYROLL,4096.11,CREDIT,-30313.01,2023-11-12,Income,4096.11,CR,Payroll,B0267,R0267,
285,B0025,R0025,1.0,Unique Amount,0.0,OK,Unique Amount Match,2023-01-26,DIRECT DEP PAYROLL,4437.99,CREDIT,6491.85,2023-01-26,Salary,4437.99,CR,Payroll,B0025,R0025,
286,B0110,R0110,0.8593,ML (SVD+Cosine),2.0,ROUNDING_DIFFERENCE,ML Matched,2023-01-12,ONLINE PMT WATER,147.29,DEBIT,4080.41,2023-01-10,Electric bill,147.33,DR,Utility,B0110,R0110,
287,B0153,R0153,0.6987,ML (SVD+Cosine),2.0,ROUNDING_DIFFERENCE|LOW_CONFIDENCE,ML Matched,2023-02-13,BISTRO #4304,86.38,DEBIT,7943.9,2023-02-11,Lunch,86.4,DR,Restaurant,B0153,R0153,
288,B0188,R0188,0.887,ML (SVD+Cosine),1.0,ROUNDING_DIFFERENCE,ML Matched,2023-03-13,TRADER JOES,207.03,DEBIT,3975.83,2023-03-12,Weekly groceries,207.04,DR,Grocery,B0188,R0188,
289,B0076,R0076,0.9578,ML (SVD+Cosine),0.0,OK,ML Matched,2023-04-29,SAFEWAY #8208,192.86,DEBIT,-2427.28,2023-04-29,Food shopping,192.86,DR,Grocery,B0076,R0076,
290,B0299,R0299,0.7499,ML (SVD+Cosine),1.0,ROUNDING_DIFFERENCE|MEDIUM_CONFIDENCE,ML Matched,2023-05-07,ONLINE TRANSFER,1762.14,DEBIT,-4570.23,2023-05-06,Move to savings,1762.12,DR,Transfer,B0299,R0299,
291,B0176,R0176,0.8178,ML (SVD+Cosine),2.0,ROUNDING_DIFFERENCE|MEDIUM_CONFIDENCE,ML Matched,2023-05-27,TRADER JOES,221.74,DEBIT,-984.49,2023-05-25,Groceries,221.76,DR,Grocery,B0176,R0176,
292,B0006,R0006,0.9714,ML (SVD+Cosine),0.0,ROUNDING_DIFFERENCE,ML Matched,2023-07-05,GYM MEMBERSHIP,38.17,DEBIT,-10114.43,2023-07-05,Music subscription,38.14,DR,Subscription,B0006,R0006,
293,B0026,R0026,1.0,ML (SVD+Cosine),0.0,ROUNDING_DIFFERENCE,ML Matched,2023-07-25,SUBSCRIPTION #3747,16.58,DEBIT,-11407.37,2023-07-25,Gym,16.57,DR,Subscription,B0026,R0026,
294,B0232,R0232,0.8871,ML (SVD+Cosine),1.0,OK,ML Matched,2023-08-01,BP GAS #5199,57.56,DEBIT,-13352.68,2023-07-31,Gas,57.56,DR,Gas Station,B0232,R0232,
295,B0164,R0164,0.8487,ML (SVD+Cosine),2.0,MEDIUM_CONFIDENCE,ML Matched,2023-08-19,ONLINE PMT ELEC CO,105.05,DEBIT,-19638.8,2023-08-17,Utilities,105.05,DR,Utility,B0164,R0164,
296,B0286,R0286,0.72,ML (SVD+Cosine),4.0,ROUNDING_DIFFERENCE|MEDIUM_CONFIDENCE,ML Matched,2023-08-20,CHECK #3975,160.46,DEBIT,-19799.26,2023-08-16,Check #3975,160.48,DR,Check Payment,B0286,R0286,
297,B0074,R0074,0.5405,ML (SVD+Cosine),5.0,ROUNDING_DIFFERENCE|LOW_CONFIDENCE,ML Matched,2023-09-01,CK #9571,503.36,DEBIT,-20882.29,2023-08-27,Paid by check,503.34,DR,Check Payment,B0074,R0074,
298,B0225,R0225,0.8178,ML (SVD+Cosine),2.0,ROUNDING_DIFFERENCE|MEDIUM_CONFIDENCE,ML Matched,2023-09-02,KROGER #3255,236.84,DEBIT,-21212.64,2023-08-31,Grocery store,236.83,DR,Grocery,B0225,R0225,
299,B0195,R0195,0.79,ML (SVD+Cosine),3.0,ROUNDING_DIFFERENCE|MEDIUM_CONFIDENCE,ML Matched,2023-10-20,TRADER JOES,171.71,DEBIT,-26937.23,2023-10-17,Grocery store,171.75,DR,Grocery,B0195,R0195,
300,B0206,R0206,0.86,ML (SVD+Cosine),2.0,OK,ML Matched,2023-11-12,BISTRO #7694,105.05,DEBIT,-32825.68,2023-11-10,Restaurant,105.05,DR,Restaurant,B0206,R0206,
301,B0011,R0011,0.93,ML (SVD+Cosine),1.0,OK,ML Matched,2023-11-26,HEALTH INS PMT,192.86,DEBIT,-30830.47,2023-11-25,Health insurance,192.86,DR,Insurance,B0011,R0011,
302,B0118,R0118,0.6691,ML (SVD+Cosine),1.0,ROUNDING_DIFFERENCE|LOW_CONFIDENCE,ML Matched,2023-11-29,ONLINE PMT GAS CO,99.83,DEBIT,-28593.23,2023-11-28,Electric bill,99.78,DR,Utility,B0118,R0118,
303,B0064,R0064,1.0,ML (SVD+Cosine),0.0,OK,ML Matched,2023-12-09,BP GAS #8869,57.56,DEBIT,-25151.39,2023-12-09,Gas station,57.56,DR,Gas Station,B0064,R0064,
304,B0239,R0239,0.847,ML (SVD+Cosine),1.0,ROUNDING_DIFFERENCE|MEDIUM_CONFIDENCE,ML Matched,2023-12-11,ONLINE ORDER #5973,84.75,DEBIT,-25325.01,2023-12-10,Amazon order,84.74,DR,Online Purchase,B0239,R0239,
305,B0242,R0242,0.5954,ML (SVD+Cosine),4.0,ROUNDING_DIFFERENCE|LOW_CONFIDENCE,ML Matched,2023-12-14,ONLINE ORDER #1956,173.42,DEBIT,-25588.1,2023-12-10,Online purchase,173.4,DR,Online Purchase,B0242,R0242,
306,B0160,R0160,0.9207,ML (SVD+Cosine),1.0,ROUNDING_DIFFERENCE,ML Matched,2023-12-21,SAFEWAY #8554,192.84,DEBIT,-26468.43,2023-12-20,Weekly groceries,192.83,DR,Grocery,B0160,R0160,
307,B0127,,0.0,Unmatched,,UNMATCHED,No available match found,2023-06-04,EXXON #2678,60.73,DEBIT,-4219.95,,,,,,B0127,,
